{
  "final_return_ma": 135.6999969482422,
  "strength": 113.8399887084961,
  "max_strength": 178.13999938964844,
  "final_strength": 178.13999938964844,
  "sample_efficiency": 0.00018464212189428508,
  "training_efficiency": 4.641549821826629e-06,
  "stability": 0.8127376437187195
}