{
  "final_return_ma": 193.5,
  "strength": 171.63999938964844,
  "max_strength": 178.13999938964844,
  "final_strength": 178.13999938964844,
  "sample_efficiency": 2.8282045605010353e-05,
  "training_efficiency": 0.0005707215168513358,
  "stability": 0.9837478715926409
}