{
  "final_return_ma": 164.6999969482422,
  "strength": 142.83999633789062,
  "max_strength": 178.13999938964844,
  "final_strength": 112.13999938964844,
  "sample_efficiency": 2.52514273597626e-05,
  "training_efficiency": 0.0006109103560447693,
  "stability": 0.8313403129577637
}