{
  "final_return_ma": 189.60000610351562,
  "strength": 167.74000549316406,
  "max_strength": 178.13999938964844,
  "final_strength": 167.13999938964844,
  "sample_efficiency": 2.9984877983224578e-05,
  "training_efficiency": 0.0006228669662959874,
  "stability": 0.9490154013037682
}